z_m,T_ci_C,T_co_C
-2.133599999999999941e+00,2.808387233447641620e+02,2.799342275775779285e+02
-2.120899999999999785e+00,2.817639436030405022e+02,2.802645296216984434e+02
-2.108199999999999630e+00,2.826920683680146453e+02,2.805985595616787691e+02
-2.095499999999999474e+00,2.836230081407575199e+02,2.809362828085004367e+02
-2.082799999999999319e+00,2.845566732790767901e+02,2.812776643342858165e+02
-2.070099999999999163e+00,2.854929740076547091e+02,2.816226686770538663e+02
-2.057399999999999007e+00,2.864318204281150884e+02,2.819712599455285726e+02
-2.044699999999998852e+00,2.873731225290103453e+02,2.823234018239922420e+02
-2.031999999999998696e+00,2.883167901957251615e+02,2.826790575771795488e+02
-2.019299999999998541e+00,2.892627332202999355e+02,2.830381900552141019e+02
-2.006599999999998385e+00,2.902108613111635691e+02,2.834007616985791742e+02
-1.993899999999998229e+00,2.911610841027822971e+02,2.837667345431261765e+02
-1.981199999999998074e+00,2.921133111652272305e+02,2.841360702251254793e+02
-1.968499999999997918e+00,2.930674520136454362e+02,2.845087299863419616e+02
-1.955799999999997763e+00,2.940234161176475141e+02,2.848846746791500664e+02
-1.943099999999997607e+00,2.949811129105958685e+02,2.852638647716685796e+02
-1.930399999999997451e+00,2.959404517988155590e+02,2.856462603529406010e+02
-1.917699999999997296e+00,2.969013421706983422e+02,2.860318211381242008e+02
-1.904999999999997140e+00,2.978636934057234953e+02,2.864205064737215594e+02
-1.892299999999996984e+00,2.988274148833780828e+02,2.868122753428223177e+02
-1.879599999999996829e+00,2.997924159919848535e+02,2.872070863703754640e+02
-1.866899999999996673e+00,3.007586061374428823e+02,2.876048978284886743e+02
-1.854199999999996518e+00,3.017258947518537866e+02,2.880056676417291328e+02
-1.841499999999996362e+00,3.026941913020712605e+02,2.884093533924627764e+02
-1.828799999999996206e+00,3.036634052981447667e+02,2.888159123262016692e+02
-1.816099999999996051e+00,3.046334463016610243e+02,2.892253013569616087e+02
-1.803399999999995895e+00,3.056042239340088145e+02,2.896374770726556562e+02
-1.790699999999995740e+00,3.065756478845142396e+02,2.900523957404678868e+02
-1.777999999999995584e+00,3.075476279185153885e+02,2.904700133122770467e+02
-1.765299999999995428e+00,3.085200738853079088e+02,2.908902854300597483e+02
-1.752599999999995273e+00,3.094928957260181619e+02,2.913131674313285657e+02
-1.739899999999995117e+00,3.104660034813573475e+02,2.917386143545570008e+02
-1.727199999999994962e+00,3.114393072993001965e+02,2.921665809446346316e+02
-1.714499999999994806e+00,3.124127174426501483e+02,2.925970216583132242e+02
-1.701799999999994650e+00,3.133861442965201718e+02,2.930298906696698396e+02
-1.689099999999994495e+00,3.143594983757089381e+02,2.934651418755680083e+02
-1.676399999999994339e+00,3.153326903319837129e+02,2.939027289011253288e+02
-1.663699999999994183e+00,3.163056309612817927e+02,2.943426051051983450e+02
-1.650999999999994028e+00,3.172782312107919438e+02,2.947847235858453701e+02
-1.638299999999993872e+00,3.182504021859717227e+02,2.952290371858219942e+02
-1.625599999999993717e+00,3.192220551574461069e+02,2.956754984980514109e+02
-1.612899999999993561e+00,3.201931015678327981e+02,2.961240598711173106e+02
-1.600199999999993405e+00,3.211634530384724258e+02,2.965746734147508619e+02
-1.587499999999993250e+00,3.221330213760581955e+02,2.970272910053123496e+02
-1.574799999999993094e+00,3.231017185791970405e+02,2.974818642912898099e+02
-1.562099999999992939e+00,3.240694568448602126e+02,2.979383446987777120e+02
-1.549399999999992783e+00,3.250361485747682195e+02,2.983966834369766161e+02
-1.536699999999992627e+00,3.260017063816734435e+02,2.988568315036750960e+02
-1.523999999999992472e+00,3.269660430955680113e+02,2.993187396907417792e+02
-1.511299999999992316e+00,3.279290717698104913e+02,2.997823585896192071e+02
-1.498599999999992161e+00,3.288907056871616987e+02,3.002476385968070645e+02
-1.485899999999992005e+00,3.298508583657496160e+02,3.007145299193556411e+02
-1.473199999999991849e+00,3.308094435649498450e+02,3.011829825803523590e+02
-1.460499999999991694e+00,3.317663752911971642e+02,3.016529464244181895e+02
-1.447799999999991538e+00,3.327215678037050566e+02,3.021243711231851421e+02
-1.435099999999991383e+00,3.336749356201340788e+02,3.025972061807996170e+02
-1.422399999999991227e+00,3.346263935221671204e+02,3.030714009394052937e+02
-1.409699999999991071e+00,3.355758565610293545e+02,3.035469045846399467e+02
-1.396999999999990916e+00,3.365232400629272433e+02,3.040236661511254397e+02
-1.384299999999990760e+00,3.374684596344301326e+02,3.045016345279661891e+02
-1.371599999999990604e+00,3.384114311677848264e+02,3.049807584642487086e+02
-1.358899999999990449e+00,3.393520708461572895e+02,3.054609865745367188e+02
-1.346199999999990293e+00,3.402902951488301824e+02,3.059422673443837084e+02
-1.333499999999990138e+00,3.412260208563246238e+02,3.064245491358354911e+02
-1.320799999999989982e+00,3.421591650554728972e+02,3.069077801929451539e+02
-1.308099999999989826e+00,3.430896451444364175e+02,3.073919086472944855e+02
-1.295399999999989671e+00,3.440173788376631023e+02,3.078768825235136433e+02
-1.282699999999989515e+00,3.449422841708000078e+02,3.083626497448152008e+02
-1.269999999999989360e+00,3.458642795055554302e+02,3.088491581385349605e+02
-1.257299999999989204e+00,3.467832835345130889e+02,3.093363554416791317e+02
-1.244599999999989048e+00,3.476992152858979921e+02,3.098241893064788997e+02
-1.231899999999988893e+00,3.486119941283027401e+02,3.103126073059576129e+02
-1.219199999999988737e+00,3.495215397753752882e+02,3.108015569395133753e+02
-1.206499999999988582e+00,3.504277722904599273e+02,3.112909856385028320e+02
-1.193799999999988426e+00,3.513306120912116626e+02,3.117808407718494550e+02
-1.181099999999988270e+00,3.522299799541723928e+02,3.122710696516621738e+02
-1.168399999999988115e+00,3.531257970193069582e+02,3.127616195388598044e+02
-1.155699999999987959e+00,3.540179847945239544e+02,3.132524376488273674e+02
-1.142999999999987804e+00,3.549064651601592004e+02,3.137434711570788295e+02
-1.130299999999987648e+00,3.557911603734367532e+02,3.142346672049411040e+02
-1.117599999999987492e+00,3.566719930729066164e+02,3.147259729052579473e+02
-1.104899999999987337e+00,3.575488862828589163e+02,3.152173353481098843e+02
-1.092199999999987181e+00,3.584217634177255718e+02,3.157087016065648868e+02
-1.079499999999987025e+00,3.592905482864625810e+02,3.162000187424443993e+02
-1.066799999999986870e+00,3.601551650969133220e+02,3.166912338121123298e+02
-1.054099999999986714e+00,3.610155384601699211e+02,3.171822938722965546e+02
-1.041399999999986559e+00,3.618715933949160330e+02,3.176731459859283859e+02
-1.028699999999986403e+00,3.627232553317682573e+02,3.181637372280156342e+02
-1.015999999999986247e+00,3.635704501176089707e+02,3.186540146915393166e+02
-1.003299999999986092e+00,3.644131040199144991e+02,3.191439254933813459e+02
-9.905999999999859362e-01,3.652511437310925544e+02,3.196334167802902471e+02
-9.778999999999857806e-01,3.660844963728092125e+02,3.201224357348672811e+02
-9.651999999999856250e-01,3.669130895003236787e+02,3.206109295815913924e+02
-9.524999999999854694e-01,3.677368511068293628e+02,3.210988455928776943e+02
-9.397999999999853138e-01,3.685557096278083691e+02,3.215861310951792120e+02
-9.270999999999851582e-01,3.693695939453834285e+02,3.220727334751087483e+02
-9.143999999999850026e-01,3.701784333926939325e+02,3.225586001856135567e+02
-9.016999999999848470e-01,3.709821577582769692e+02,3.230436787521800852e+02
-8.889999999999846914e-01,3.717806972904743361e+02,3.235279167790860129e+02
-8.762999999999845357e-01,3.725739827018437609e+02,3.240112619556813911e+02
-8.635999999999843801e-01,3.733619451736074666e+02,3.244936620627283901e+02
-8.508999999999842245e-01,3.741445163601042623e+02,3.249750649787654311e+02
-8.381999999999840689e-01,3.749216283932852321e+02,3.254554186865350403e+02
-8.254999999999839133e-01,3.756932138872128348e+02,3.259346712794348946e+02
-8.127999999999837577e-01,3.764592059426120159e+02,3.264127709680388421e+02
-8.000999999999836021e-01,3.772195381514237624e+02,3.268896660866371917e+02
-7.873999999999834465e-01,3.779741446014149346e+02,3.273653050998513550e+02
-7.746999999999832909e-01,3.787229598808059450e+02,3.278396366092798644e+02
-7.619999999999831353e-01,3.794659190829338513e+02,3.283126093601983939e+02
-7.492999999999829797e-01,3.802029578109576278e+02,3.287841722483112221e+02
-7.365999999999828241e-01,3.809340121825918573e+02,3.292542743265475451e+02
-7.238999999999826684e-01,3.816590188348866377e+02,3.297228648119159971e+02
-7.111999999999825128e-01,3.823779149290498367e+02,3.301898930924120350e+02
-6.984999999999823572e-01,3.830906381552946982e+02,3.306553087339619879e+02
-6.857999999999822016e-01,3.837971267377501476e+02,3.311190614874393532e+02
-6.730999999999820460e-01,3.844973194394090683e+02,3.315811012957285016e+02
-6.603999999999818904e-01,3.851911555671092060e+02,3.320413783008299333e+02
-6.476999999999817348e-01,3.858785749765774540e+02,3.324998428510336339e+02
-6.349999999999815792e-01,3.865595180775135304e+02,3.329564455081421102e+02
-6.222999999999814236e-01,3.872339258387210066e+02,3.334111370547436763e+02
-6.095999999999812680e-01,3.879017397932874474e+02,3.338638685015420151e+02
-5.968999999999811124e-01,3.885629020438211683e+02,3.343145910947450261e+02
-5.841999999999809567e-01,3.892173552677270436e+02,3.347632563234965914e+02
-5.714999999999808011e-01,3.898650427225426256e+02,3.352098159273724036e+02
-5.587999999999806455e-01,3.905059082513203634e+02,3.356542219039216661e+02
-5.460999999999804899e-01,3.911398962880737713e+02,3.360964265162763809e+02
-5.333999999999803343e-01,3.917669518632474706e+02,3.365363823007827477e+02
-5.206999999999801787e-01,3.923870206092792046e+02,3.369740420747241956e+02
-5.079999999999800231e-01,3.930000487661831130e+02,3.374093589440662981e+02
-4.952999999999798675e-01,3.936059831871990582e+02,3.378422863112639334e+02
-4.825999999999797119e-01,3.942047713444989085e+02,3.382727778831222167e+02
-4.698999999999795563e-01,3.947963613349284060e+02,3.387007876786917109e+02
-4.571999999999794007e-01,3.953807018858285574e+02,3.391262700372354857e+02
-4.444999999999792450e-01,3.959577423608774893e+02,3.395491796262153343e+02
-4.317999999999790894e-01,3.965274327660141012e+02,3.399694714493493279e+02
-4.190999999999789338e-01,3.970897237553911054e+02,3.403871008546971098e+02
-4.063999999999787782e-01,3.976445666373890049e+02,3.408020235427929379e+02
-3.936999999999786226e-01,3.981919133806777609e+02,3.412141955748237478e+02
-3.809999999999784670e-01,3.987317166203255852e+02,3.416235733808408668e+02
-3.682999999999783114e-01,3.992639296639602549e+02,3.420301137680163492e+02
-3.555999999999781558e-01,3.997885064979685694e+02,3.424337739289264846e+02
-3.428999999999780002e-01,4.003054017937501499e+02,3.428345114498783346e+02
-3.301999999999778446e-01,4.008145709140108011e+02,3.432322843192631012e+02
-3.174999999999776890e-01,4.013159699190971992e+02,3.436270509359370067e+02
-3.047999999999775333e-01,4.018095555733768833e+02,3.440187701176362225e+02
-2.920999999999773777e-01,4.022952853516501932e+02,3.444074011094060097e+02
-2.793999999999772221e-01,4.027731174456097847e+02,3.447929035920637943e+02
-2.666999999999770665e-01,4.032430107703245881e+02,3.451752376906695190e+02
-2.539999999999769109e-01,4.037049249707606009e+02,3.455543639830170264e+02
-2.412999999999767553e-01,4.041588204283374353e+02,3.459302435081418139e+02
-2.285999999999765997e-01,4.046046582675060108e+02,3.463028377748311186e+02
-2.158999999999764441e-01,4.050424003623530780e+02,3.466721087701434953e+02
-2.031999999999762885e-01,4.054720093432382555e+02,3.470380189679385126e+02
-1.904999999999761329e-01,4.056708849127207941e+02,3.471666539997038399e+02
-1.777999999999759773e-01,4.057431238270425524e+02,3.471673770462284665e+02
-1.650999999999758217e-01,4.058104032708868658e+02,3.471680498872486282e+02
-1.523999999999756660e-01,4.058727184203522711e+02,3.471686725961847628e+02
-1.396999999999755104e-01,4.059300648079037614e+02,3.471692452408270242e+02
-1.269999999999753548e-01,4.059824383225943052e+02,3.471697678833802456e+02
-1.142999999999751992e-01,4.060298352102702211e+02,3.471702405805048102e+02
-1.015999999999750436e-01,4.060722520737568857e+02,3.471706633833539399e+02
-8.889999999997488800e-02,4.061096858730265353e+02,3.471710363376071200e+02
-7.619999999997473239e-02,4.061421339253485598e+02,3.471713594834999412e+02
-6.349999999997457678e-02,4.061695939054229711e+02,3.471716328558507030e+02
-5.079999999997442117e-02,4.061920638454939763e+02,3.471718564840825820e+02
-3.809999999997426556e-02,4.062095421354477480e+02,3.471720303922432436e+02
-2.539999999997410995e-02,4.062220275228912101e+02,3.471721545990201889e+02
-1.269999999997395435e-02,4.062295191132137688e+02,3.471722291177529200e+02
2.620126338115369435e-14,4.062320163696314239e+02,3.471722539564417502e+02
1.270000000002635687e-02,4.062295191132137688e+02,3.471722291177529200e+02
2.540000000002651248e-02,4.062220275228912101e+02,3.471721545990201889e+02
3.810000000002666809e-02,4.062095421354475206e+02,3.471720303922432436e+02
5.080000000002682370e-02,4.061920638454937489e+02,3.471718564840825820e+02
6.350000000002697931e-02,4.061695939054227438e+02,3.471716328558507030e+02
7.620000000002713492e-02,4.061421339253482756e+02,3.471713594834999412e+02
8.890000000002729053e-02,4.061096858730262511e+02,3.471710363376070632e+02
1.016000000000274461e-01,4.060722520737566015e+02,3.471706633833539399e+02
1.143000000000276017e-01,4.060298352102699937e+02,3.471702405805048102e+02
1.270000000000277574e-01,4.059824383225940778e+02,3.471697678833802456e+02
1.397000000000279130e-01,4.059300648079034772e+02,3.471692452408270242e+02
1.524000000000280686e-01,4.058727184203522711e+02,3.471686725961847628e+02
1.651000000000282242e-01,4.058104032708866384e+02,3.471680498872486282e+02
1.778000000000283798e-01,4.057431238270420408e+02,3.471673770462284665e+02
1.905000000000285354e-01,4.056708849127205099e+02,3.471666539997038399e+02
2.032000000000286910e-01,4.055936917079484942e+02,3.471658806685754826e+02
2.159000000000288466e-01,4.055115497486208938e+02,3.471650569680128342e+02
2.286000000000290022e-01,4.054244649262215603e+02,3.471641828073971965e+02
2.413000000000291578e-01,4.053324434875283373e+02,3.471632580902612517e+02
2.540000000000293134e-01,4.052354920342987725e+02,3.471622827142240908e+02
2.667000000000294690e-01,4.051336175229369019e+02,3.471612565709220348e+02
2.794000000000296247e-01,4.050268272641402518e+02,3.471601795459353639e+02
2.921000000000297803e-01,4.049151289225295045e+02,3.471590515187100436e+02
3.048000000000299359e-01,4.047985305162578129e+02,3.471578723624752456e+02
3.175000000000300915e-01,4.046770404166006188e+02,3.471566419441561493e+02
3.302000000000302471e-01,4.045506673475256321e+02,3.471553601242817990e+02
3.429000000000304027e-01,4.044194203852446776e+02,3.471540267568877880e+02
3.556000000000305583e-01,4.042833089577434862e+02,3.471526416894143381e+02
3.683000000000307139e-01,4.041423428442921590e+02,3.471512047625985815e+02
3.810000000000308695e-01,4.039965321749354530e+02,3.471497158103615561e+02
3.937000000000310251e-01,4.038458874299619197e+02,3.471481746596898574e+02
4.064000000000311807e-01,4.036904194393516150e+02,3.471465811305110947e+02
4.191000000000313364e-01,4.035301393822043678e+02,3.471449350355634920e+02
4.318000000000314920e-01,4.033650587861449139e+02,3.471432361802594073e+02
4.445000000000316476e-01,4.031951895267064856e+02,3.471414843625423714e+02
4.572000000000318032e-01,4.030205438266929150e+02,3.471396793727372483e+02
4.699000000000319588e-01,4.028411342555184547e+02,3.471378209933938592e+02
4.826000000000321144e-01,4.026569737285229280e+02,3.471359089991231599e+02
4.953000000000322700e-01,4.024680755062680078e+02,3.471339431564261986e+02
5.080000000000324256e-01,4.022744531938033674e+02,3.471319232235152867e+02
5.207000000000325812e-01,4.020761207399168597e+02,3.471298489501269273e+02
5.334000000000327368e-01,4.018730924363539430e+02,3.471277200773268419e+02
5.461000000000328924e-01,4.016653829170161885e+02,3.471255363373060163e+02
5.588000000000330481e-01,4.014530071571317649e+02,3.471232974531676518e+02
5.715000000000332037e-01,4.012359804724035257e+02,3.471210031387048502e+02
5.842000000000333593e-01,4.010143185181285617e+02,3.471186530981684086e+02
5.969000000000335149e-01,4.007880372882912070e+02,3.471162470260244959e+02
6.096000000000336705e-01,4.005571531146295001e+02,3.471137846067013015e+02
6.223000000000338261e-01,4.003216826656755529e+02,3.471112655143248276e+02
6.350000000000339817e-01,4.000816429457620416e+02,3.471086894124429136e+02
6.477000000000341373e-01,3.998370512940069261e+02,3.471060559537368135e+02
6.604000000000342929e-01,3.995879253832616200e+02,3.471033647797203798e+02
6.731000000000344485e-01,3.993342832190336367e+02,3.471006155204254924e+02
6.858000000000346041e-01,3.990761431383748459e+02,3.470978077940738444e+02
6.985000000000347598e-01,3.988135238087403991e+02,3.470949412067335516e+02
7.112000000000349154e-01,3.985464442268121275e+02,3.470920153519608107e+02
7.239000000000350710e-01,3.982749237172893118e+02,3.470890298104251883e+02
7.366000000000352266e-01,3.979989819316458011e+02,3.470859841495179126e+02
7.493000000000353822e-01,3.977186388468498990e+02,3.470828779229424867e+02
7.620000000000355378e-01,3.974339147640486658e+02,3.470797106702863744e+02
7.747000000000356934e-01,3.971448303072132262e+02,3.470764819165731296e+02
7.874000000000358490e-01,3.968514064217458781e+02,3.470731911717938374e+02
8.001000000000360046e-01,3.965536643730479796e+02,3.470698379304164973e+02
8.128000000000361602e-01,3.962516257450436683e+02,3.470664216708729555e+02
8.255000000000363158e-01,3.959453124386643026e+02,3.470629418550209948e+02
8.382000000000364714e-01,3.956347466702845281e+02,3.470593979275813581e+02
8.509000000000366271e-01,3.953199509701155421e+02,3.470557893155475995e+02
8.636000000000367827e-01,3.950009481805505516e+02,3.470521154275677986e+02
8.763000000000369383e-01,3.946777614544575954e+02,3.470483756532958637e+02
8.890000000000370939e-01,3.943504142534267203e+02,3.470445693627113428e+02
9.017000000000372495e-01,3.940189303459596886e+02,3.470406959054058689e+02
9.144000000000374051e-01,3.936833338056048319e+02,3.470367546098336220e+02
9.271000000000375607e-01,3.933436490090360849e+02,3.470327447825245599e+02
9.398000000000377163e-01,3.929999006340727306e+02,3.470286657072578009e+02
9.525000000000378719e-01,3.926521136576328672e+02,3.470245166441927722e+02
9.652000000000380275e-01,3.923003133536250289e+02,3.470202968289554519e+02
9.779000000000381831e-01,3.919445252907713098e+02,3.470160054716771469e+02
9.906000000000383388e-01,3.915847753303575587e+02,3.470116417559831348e+02
1.003300000000038494e+00,3.912210896239104159e+02,3.470072048379269063e+02
1.016000000000038650e+00,3.908534946107953942e+02,3.470026938448682472e+02
1.028700000000038806e+00,3.904820170157331631e+02,3.469981078742898148e+02
1.041400000000038961e+00,3.901066838462297710e+02,3.469934459925495958e+02
1.054100000000039117e+00,3.897275223899155776e+02,3.469887072335639004e+02
1.066800000000039272e+00,3.893445602117889166e+02,3.469838905974175418e+02
1.079500000000039428e+00,3.889578251513599412e+02,3.469789950488946033e+02
1.092200000000039584e+00,3.885673453196860692e+02,3.469740195159262726e+02
1.104900000000039739e+00,3.881731490962978910e+02,3.469689628879483507e+02
1.117600000000039895e+00,3.877752651260047969e+02,3.469638240141632082e+02
1.130300000000040050e+00,3.873737223155750939e+02,3.469586017016989672e+02
1.143000000000040206e+00,3.869685498302819724e+02,3.469532947136585221e+02
1.155700000000040362e+00,3.865597770903106607e+02,3.469479017670507801e+02
1.168400000000040517e+00,3.861474337670114210e+02,3.469424215305946859e+02
1.181100000000040673e+00,3.857315497789952019e+02,3.469368526223876188e+02
1.193800000000040828e+00,3.853121552880572835e+02,3.469311936074268488e+02
1.206500000000040984e+00,3.848892806949193641e+02,3.469254429949734799e+02
1.219200000000041140e+00,3.844629566347754235e+02,3.469195992357467162e+02
1.231900000000041295e+00,3.840332139726320406e+02,3.469136607189345227e+02
1.244600000000041451e+00,3.836000837984232703e+02,3.469076257690063585e+02
1.257300000000041607e+00,3.831635974218860952e+02,3.469014926423125189e+02
1.270000000000041762e+00,3.827237863671802529e+02,3.468952595234514433e+02
1.282700000000041918e+00,3.822806823672292467e+02,3.468889245213867980e+02
1.295400000000042073e+00,3.818343173577633820e+02,3.468824856652924495e+02
1.308100000000042229e+00,3.813847234710421503e+02,3.468759409001024210e+02
1.320800000000042385e+00,3.809319330292263430e+02,3.468692880817399100e+02
1.333500000000042540e+00,3.804759785373751129e+02,3.468625249719973453e+02
1.346200000000042696e+00,3.800168926760337058e+02,3.468556492330359902e+02
1.358900000000042851e+00,3.795547082933774163e+02,3.468486584214698496e+02
1.371600000000043007e+00,3.790894583968739653e+02,3.468415499819969341e+02
1.384300000000043163e+00,3.786211761444196782e+02,3.468343212405334270e+02
1.397000000000043318e+00,3.781498948349010902e+02,3.468269693968044862e+02
1.409700000000043474e+00,3.776756478981330361e+02,3.468194915163385303e+02
1.422400000000043629e+00,3.771984688841044999e+02,3.468118845218052115e+02
1.435100000000043785e+00,3.767183914514777143e+02,3.468041451836323859e+02
1.447800000000043941e+00,3.762354493552533086e+02,3.467962701098268781e+02
1.460500000000044096e+00,3.757496764335288617e+02,3.467882557349167882e+02
1.473200000000044252e+00,3.752611065932487122e+02,3.467800983079212074e+02
1.485900000000044407e+00,3.747697737948435019e+02,3.467717938792431482e+02
1.498600000000044563e+00,3.742757120356383780e+02,3.467633382863656948e+02
1.511300000000044719e+00,3.737789553318919502e+02,3.467547271382173335e+02
1.524000000000044874e+00,3.732795376993183254e+02,3.467459557980535578e+02
1.536700000000045030e+00,3.727774931319098641e+02,3.467370193646814869e+02
1.549400000000045186e+00,3.722728555788670519e+02,3.467279126518282055e+02
1.562100000000045341e+00,3.717656589194056664e+02,3.467186301654279532e+02
1.574800000000045497e+00,3.712559369351786245e+02,3.467091660785671934e+02
1.587500000000045652e+00,3.707437232800143079e+02,3.466995142037893629e+02
1.600200000000045808e+00,3.702290514466259310e+02,3.466896679624161379e+02
1.612900000000045964e+00,3.697119547298889302e+02,3.466796203504854361e+02
1.625600000000046119e+00,3.691924661862249764e+02,3.466693639008458376e+02
1.638300000000046275e+00,3.686706185885508944e+02,3.466588906408688899e+02
1.651000000000046430e+00,3.681464443761607299e+02,3.466481920451516885e+02
1.663700000000046586e+00,3.676199755988043876e+02,3.466372589824725310e+02
1.676400000000046742e+00,3.670912438540859739e+02,3.466260816561334650e+02
1.689100000000046897e+00,3.665602802171599137e+02,3.466146495366645581e+02
1.701800000000047053e+00,3.660271151614966811e+02,3.466029512856738961e+02
1.714500000000047208e+00,3.654917784692677856e+02,3.465909746693934608e+02
1.727200000000047364e+00,3.649542991296020773e+02,3.465787064601838097e+02
1.739900000000047520e+00,3.644147052226170445e+02,3.465661323239075955e+02
1.752600000000047675e+00,3.638730237866854509e+02,3.465532366906402899e+02
1.765300000000047831e+00,3.633292806658436689e+02,3.465400026056402680e+02
1.778000000000047987e+00,3.627835003335642909e+02,3.465264115568083980e+02
1.790700000000048142e+00,3.622357056882278243e+02,3.465124432739937674e+02
1.803400000000048298e+00,3.616859178145224405e+02,3.464980754943876491e+02
1.816100000000048453e+00,3.611341557035524943e+02,3.464832836868144454e+02
1.828800000000048609e+00,3.605804359225792268e+02,3.464680407258687751e+02
1.841500000000048765e+00,3.600247722228764928e+02,3.464523165044153643e+02
1.854200000000048920e+00,3.594671750709603089e+02,3.464360774697543093e+02
1.866900000000048632e+00,3.589076510841507002e+02,3.464192860644599818e+02
1.879600000000049231e+00,3.583462023456067413e+02,3.464019000471054710e+02
1.892300000000049831e+00,3.577828255660402874e+02,3.463838716601553642e+02
1.905000000000049543e+00,3.572175110483007074e+02,3.463651466013297409e+02
1.917700000000049254e+00,3.566502413955531097e+02,3.463456627392995983e+02
1.930400000000049854e+00,3.560809898816876284e+02,3.463253484925285761e+02
1.943100000000050454e+00,3.555097183704825170e+02,3.463041207580291712e+02
1.955800000000050165e+00,3.549363746225041609e+02,3.462818822293327230e+02
1.968500000000049877e+00,3.543608887567481815e+02,3.462585178711250364e+02
1.981200000000050476e+00,3.537831685225021943e+02,3.462338902066391029e+02
1.993900000000051076e+00,3.532030928593369481e+02,3.462078328965944252e+02
2.006600000000050787e+00,3.526205029317321760e+02,3.461801417974614878e+02
2.019300000000050499e+00,3.520351893296456751e+02,3.461505621922804607e+02
2.032000000000051099e+00,3.514468732503535762e+02,3.461187700123170998e+02
2.044700000000051698e+00,3.508551778525779241e+02,3.460843432453128230e+02
2.057400000000051410e+00,3.502595827888093822e+02,3.460467165441723978e+02
2.070100000000051121e+00,3.496593482388624921e+02,3.460051053731290267e+02
2.082800000000051721e+00,3.490533795202242118e+02,3.459583707933220467e+02
2.095500000000052321e+00,3.484399646320813986e+02,3.459047572986914929e+02
2.108200000000052032e+00,3.477352594771523968e+02,3.457602394770304954e+02
2.120900000000051744e+00,3.469182209479158701e+02,3.455038337527827821e+02
2.133600000000052344e+00,3.461004820648220175e+02,3.452473725775536195e+02
